{
  "klær" : {
    "barn" : {
      "bukser" : {
        "bukse6" : {
          "bilde1" : "https://mosaic03.ztat.net/vgs/media/pdp-zoom/PO/22/3A/00/PK/11/PO223A00P-K11@2.jpg",
          "bilde2" : "https://mosaic04.ztat.net/vgs/media/pdp-zoom/PO/22/3A/00/PK/11/PO223A00P-K11@8.jpg",
          "bilde3" : "https://mosaic03.ztat.net/vgs/media/pdp-zoom/PO/22/3A/00/PK/11/PO223A00P-K11@4.jpg",
          "bilde4" : "https://mosaic04.ztat.net/vgs/media/pdp-zoom/PO/22/3A/00/PK/11/PO223A00P-K11@5.jpg",
          "bilde5" : "https://mosaic04.ztat.net/vgs/media/pdp-zoom/PO/22/3A/00/PK/11/PO223A00P-K11@9.jpg",
          "farge" : "Blå",
          "kjønn" : "Jente",
          "merke" : "Polo Ralph Lauren",
          "navn1" : "Aubrie",
          "navn2" : "Bottoms",
          "plagg" : "Bukse",
          "pris" : 679,
          "produktinformasjon" : "Dette er en stilig bukse til jenter. Buksen har en vanlig passform som passer til både små og store jenter. Buksen passer fint til vanlig bruk.",
          "type" : "Jeans",
          "verdi" : 7
        },
        "bukse7" : {
          "bilde1" : "https://mosaic03.ztat.net/vgs/media/packshot/pdp-zoom/NA/82/3B/08/OQ/11/NA823B08O-Q11@10.1.jpg",
          "bilde2" : "https://mosaic04.ztat.net/vgs/media/pdp-zoom/NA/82/3B/08/OQ/11/NA823B08O-Q11@8.1.jpg",
          "bilde3" : "https://mosaic03.ztat.net/vgs/media/pdp-zoom/NA/82/3B/08/OQ/11/NA823B08O-Q11@9.1.jpg",
          "bilde4" : "https://mosaic04.ztat.net/vgs/media/pdp-zoom/NA/82/3B/08/OQ/11/NA823B08O-Q11@12.1.jpg",
          "bilde5" : "https://mosaic03.ztat.net/vgs/media/pdp-zoom/NA/82/3B/08/OQ/11/NA823B08O-Q11@11.1.jpg",
          "farge" : "Svart",
          "kjønn" : "Jente",
          "merke" : "Name It",
          "navn1" : "Nitida",
          "navn2" : "",
          "plagg" : "Bukse",
          "pris" : 249,
          "produktinformasjon" : "Buksen er lagd for jenter. Buksen skal passe til de fleste jenter, og er lagd på en måte som gjør det lett å stramme rundt livet. Buksen passer til vanlig bruk, men brukes også som kosebukse.",
          "type" : "Chinos",
          "verdi" : 8
        },
        "bukse8" : {
          "bilde1" : "https://mosaic03.ztat.net/vgs/media/pdp-zoom/AD/12/6B/00/BH/11/AD126B00B-H11@2.jpg",
          "bilde2" : "https://mosaic04.ztat.net/vgs/media/pdp-zoom/AD/12/6B/00/BH/11/AD126B00B-H11@6.jpg",
          "bilde3" : "https://mosaic03.ztat.net/vgs/media/pdp-zoom/AD/12/6B/00/BH/11/AD126B00B-H11@4.jpg",
          "bilde4" : "https://mosaic04.ztat.net/vgs/media/packshot/pdp-zoom/AD/12/6B/00/BH/11/AD126B00B-H11@7.jpg",
          "bilde5" : "https://mosaic03.ztat.net/vgs/media/pdp-zoom/AD/12/6B/00/BH/11/AD126B00B-H11@5.jpg",
          "farge" : "Oransje",
          "kjønn" : "Gutt",
          "merke" : "Adidas",
          "navn1" : "Superstar",
          "navn2" : "",
          "plagg" : "Bukse",
          "pris" : 449,
          "produktinformasjon" : "Buksen er laget for gutter og passer til de fleste grunnet sin vanlige passform. Den kule fargen stikker seg litt ut ifra den originale adidas-buksen og vil gi barna en kul opplevelse.",
          "type" : "Joggebukse",
          "verdi" : 9
        },
        "bukse9" : {
          "bilde1" : "https://mosaic03.ztat.net/vgs/media/pdp-zoom/LE/22/4A/07/OQ/11/LE224A07O-Q11@7.jpg",
          "bilde2" : "https://mosaic04.ztat.net/vgs/media/pdp-zoom/LE/22/4A/07/OQ/11/LE224A07O-Q11@8.jpg",
          "bilde3" : "https://mosaic03.ztat.net/vgs/media/pdp-zoom/LE/22/4A/07/OQ/11/LE224A07O-Q11@6.jpg",
          "bilde4" : "https://mosaic04.ztat.net/vgs/media/packshot/pdp-zoom/LE/22/4A/07/OQ/11/LE224A07O-Q11@9.jpg",
          "bilde5" : "https://mosaic03.ztat.net/vgs/media/pdp-zoom/LE/22/4A/07/OQ/11/LE224A07O-Q11@5.jpg",
          "farge" : "Svart",
          "kjønn" : "Gutt",
          "merke" : "Levi's",
          "navn1" : "510",
          "navn2" : "",
          "plagg" : "Bukse",
          "pris" : 599,
          "produktinformasjon" : "Buksen er forbeholdt gutter og er en forminsket versjon av den populære Levi's 510. Buksen brukes gjerne på fritid og til pene selskap. ",
          "type" : "Jeans",
          "verdi" : 10
        }
      },
      "gensere" : {
        "genser6" : {
          "bilde1" : "https://mosaic03.ztat.net/vgs/media/pdp-zoom/4B/E2/3K/05/LJ/11/4BE23K05L-J11@8.jpg",
          "bilde2" : "https://mosaic04.ztat.net/vgs/media/pdp-zoom/4B/E2/3K/05/LJ/11/4BE23K05L-J11@7.jpg",
          "bilde3" : "https://mosaic03.ztat.net/vgs/media/packshot/pdp-zoom/4B/E2/3K/05/LJ/11/4BE23K05L-J11@5.jpg",
          "bilde4" : "https://mosaic04.ztat.net/vgs/media/pdp-zoom/4B/E2/3K/05/LJ/11/4BE23K05L-J11@6.jpg",
          "bilde5" : "https://mosaic03.ztat.net/vgs/media/pdp-zoom/4B/E2/3K/05/LJ/11/4BE23K05L-J11@8.jpg",
          "farge" : "Rosa",
          "kjønn" : "Jente",
          "merke" : "Benneton",
          "navn1" : "Sweatshirt",
          "navn2" : "",
          "plagg" : "Genser",
          "pris" : 199,
          "produktinformasjon" : "Denne stilige genseren passer perfekt til jenter på grunn av både blomster og den rosa fargen. Genseren er testet og vil tåle mye lek og morro. ",
          "type" : "Genser",
          "verdi" : 7
        },
        "genser7" : {
          "bilde1" : "https://mosaic03.ztat.net/vgs/media/pdp-zoom/C7/64/3G/02/LK/11/C7643G02L-K11@8.jpg",
          "bilde2" : "https://mosaic04.ztat.net/vgs/media/pdp-zoom/C7/64/3G/02/LK/11/C7643G02L-K11@9.jpg",
          "bilde3" : "https://mosaic03.ztat.net/vgs/media/pdp-zoom/C7/64/3G/02/LK/11/C7643G02L-K11@6.jpg",
          "bilde4" : "https://mosaic04.ztat.net/vgs/media/packshot/pdp-zoom/C7/64/3G/02/LK/11/C7643G02L-K11@7.jpg",
          "bilde5" : "https://mosaic03.ztat.net/vgs/media/pdp-zoom/C7/64/3G/02/LK/11/C7643G02L-K11@5.jpg",
          "farge" : "Blå",
          "kjønn" : "Jente",
          "merke" : "Champion",
          "navn1" : "American",
          "navn2" : "Crewneck",
          "plagg" : "Genser",
          "pris" : 239,
          "produktinformasjon" : "Champion har nylig lansert sin nye genser til jenter. Genseren passer til de fleste stiler og stikker seg ut fra vanlige og kjedelige farger. ",
          "type" : "Hoodie",
          "verdi" : 8
        },
        "genser8" : {
          "bilde1" : "https://mosaic03.ztat.net/vgs/media/packshot/pdp-zoom/LE/22/4K/00/8G/11/LE224K008-G11@8.jpg",
          "bilde2" : "https://mosaic04.ztat.net/vgs/media/pdp-zoom/LE/22/4K/00/8G/11/LE224K008-G11@7.jpg",
          "bilde3" : "https://mosaic03.ztat.net/vgs/media/pdp-zoom/LE/22/4K/00/8G/11/LE224K008-G11@6.jpg",
          "bilde4" : "https://mosaic04.ztat.net/vgs/media/pdp-zoom/LE/22/4K/00/8G/11/LE224K008-G11@5.jpg",
          "bilde5" : "https://mosaic03.ztat.net/vgs/media/packshot/pdp-zoom/LE/22/4K/00/8G/11/LE224K008-G11@8.jpg",
          "farge" : "Rød",
          "kjønn" : "Gutt",
          "merke" : "Levi's",
          "navn1" : "Standard",
          "navn2" : "",
          "plagg" : "Genser",
          "pris" : 479,
          "produktinformasjon" : "Denne genseren er forbeholdt gutter og gir asoseasjoner til de mer populære voksengenserene fra samme merke. Denne hoodien vil få gutten til å føle seg stor og likne på dagens ungdom.",
          "type" : "Hoodie",
          "verdi" : 9
        },
        "genser9" : {
          "bilde1" : "https://mosaic03.ztat.net/vgs/media/pdp-zoom/A0/F2/4G/03/0G/11/A0F24G030-G11@18.jpg",
          "bilde2" : "https://mosaic04.ztat.net/vgs/media/pdp-zoom/A0/F2/4G/03/0G/11/A0F24G030-G11@17.jpg",
          "bilde3" : "https://mosaic03.ztat.net/vgs/media/pdp-zoom/A0/F2/4G/03/0G/11/A0F24G030-G11@16.jpg",
          "bilde4" : "https://mosaic04.ztat.net/vgs/media/packshot/pdp-zoom/A0/F2/4G/03/0G/11/A0F24G030-G11@14.jpg",
          "bilde5" : "https://mosaic03.ztat.net/vgs/media/pdp-zoom/A0/F2/4G/03/0G/11/A0F24G030-G11@15.jpg",
          "farge" : "Rød",
          "kjønn" : "Gutt",
          "merke" : "Abercrombie & Fitch",
          "navn1" : "Basic",
          "navn2" : "Crew",
          "plagg" : "Genser",
          "pris" : 149,
          "produktinformasjon" : "Ønsker du at barnet skal ha en ordentlig men fortsatt kul stil, passer denne genseren perfekt. Genseren er produsert av det stilige merket Abercrobie & Fitch og passer til de fleste anledninger",
          "type" : "Strikkegenser",
          "verdi" : 10
        }
      },
      "sko" : {
        "sko6" : {
          "bilde1" : "https://mosaic03.ztat.net/vgs/media/packshot/pdp-zoom/GE/11/3D/04/VC/11/GE113D04V-C11@9.jpg",
          "bilde2" : "https://mosaic04.ztat.net/vgs/media/pdp-zoom/GE/11/3D/04/VC/11/GE113D04V-C11@11.jpg",
          "bilde3" : "https://mosaic03.ztat.net/vgs/media/pdp-zoom/GE/11/3D/04/VC/11/GE113D04V-C11@12.jpg",
          "bilde4" : "https://mosaic04.ztat.net/vgs/media/pdp-zoom/GE/11/3D/04/VC/11/GE113D04V-C11@14.jpg",
          "bilde5" : "https://mosaic03.ztat.net/vgs/media/pdp-zoom/GE/11/3D/04/VC/11/GE113D04V-C11@10.jpg",
          "farge" : "Grå",
          "kjønn" : "Jente",
          "merke" : "Geox",
          "navn1" : "JR",
          "navn2" : "Xled",
          "plagg" : "Sko",
          "pris" : 999,
          "produktinformasjon" : "Ønsker du at barna dine skal ha sko som de liker, burde du kjøpe disse. Med et oppladbart batteri som gir strøm til led skrift på helen, kan man ikke ta feil.",
          "type" : "Sneakers",
          "verdi" : 7
        },
        "sko7" : {
          "bilde1" : "https://mosaic03.ztat.net/vgs/media/pdp-zoom/LE/21/6D/00/KE/11/LE216D00K-E11@9.jpg",
          "bilde2" : "https://mosaic04.ztat.net/vgs/media/packshot/pdp-zoom/LE/21/6D/00/KE/11/LE216D00K-E11@12.jpg",
          "bilde3" : "https://mosaic03.ztat.net/vgs/media/pdp-zoom/LE/21/6D/00/KE/11/LE216D00K-E11@7.jpg",
          "bilde4" : "https://mosaic04.ztat.net/vgs/media/pdp-zoom/LE/21/6D/00/KE/11/LE216D00K-E11@8.jpg",
          "bilde5" : "https://mosaic04.ztat.net/vgs/media/pdp-zoom/LE/21/6D/00/KE/11/LE216D00K-E11@10.jpg",
          "farge" : "Gule",
          "kjønn" : "Jente",
          "merke" : "Levi's",
          "navn1" : "Springfield",
          "navn2" : "",
          "plagg" : "sko",
          "pris" : 499,
          "produktinformasjon" : "Ønsker du at barna dine skal ha sko som de liker, burde du kjøpe disse. Med denne fargen og den fantastiske komforten, kan man ikke ta feil.",
          "type" : "Joggesko",
          "verdi" : 8
        },
        "sko8" : {
          "bilde1" : "https://mosaic03.ztat.net/vgs/media/pdp-zoom/VA/21/4B/00/0Q/11/VA214B000-Q11@11.jpg",
          "bilde2" : "https://mosaic04.ztat.net/vgs/media/packshot/pdp-zoom/VA/21/4B/00/0Q/11/VA214B000-Q11@12.jpg",
          "bilde3" : "https://mosaic03.ztat.net/vgs/media/pdp-zoom/VA/21/4B/00/0Q/11/VA214B000-Q11@7.jpg",
          "bilde4" : "https://mosaic04.ztat.net/vgs/media/pdp-zoom/VA/21/4B/00/0Q/11/VA214B000-Q11@10.jpg",
          "bilde5" : "https://mosaic04.ztat.net/vgs/media/pdp-zoom/VA/21/4B/00/0Q/11/VA214B000-Q11@8.jpg",
          "farge" : "Hvite",
          "kjønn" : "Gutt",
          "merke" : "Vans",
          "navn1" : "Classic",
          "navn2" : "",
          "plagg" : "Sko",
          "pris" : 449,
          "produktinformasjon" : "Ønsker du at barna dine skal ha sko som de liker, burde du kjøpe disse. Med det kule designet kan man ikke ta feil. Svart og hvit, passer derfor til alt.",
          "type" : "Slippers",
          "verdi" : 9
        },
        "sko9" : {
          "bilde1" : "https://mosaic03.ztat.net/vgs/media/pdp-zoom/AD/54/3A/1H/1Q/12/AD543A1H1-Q12@11.jpg",
          "bilde2" : "https://mosaic04.ztat.net/vgs/media/packshot/pdp-zoom/AD/54/3A/1H/1Q/12/AD543A1H1-Q12@12.jpg",
          "bilde3" : "https://mosaic03.ztat.net/vgs/media/pdp-zoom/AD/54/3A/1H/1Q/12/AD543A1H1-Q12@7.jpg",
          "bilde4" : "https://mosaic04.ztat.net/vgs/media/pdp-zoom/AD/54/3A/1H/1Q/12/AD543A1H1-Q12@10.jpg",
          "bilde5" : "https://mosaic04.ztat.net/vgs/media/pdp-zoom/AD/54/3A/1H/1Q/12/AD543A1H1-Q12@8.jpg",
          "farge" : "Blå",
          "kjønn" : "Gutt",
          "merke" : "Adidas",
          "navn1" : "Terrex",
          "navn2" : "AX2R",
          "plagg" : "Sko",
          "pris" : 549,
          "produktinformasjon" : "Skal barna dine være med på fjelltur, trenger de noen ordentlige sko. Dette er et godt par sko til det formålet. Vanntett stoff i skoene gjør at føttene alltid er tørre.",
          "type" : "Tursko",
          "verdi" : 10
        }
      },
      "t-skjorter" : {
        "t-skjorte6" : {
          "bilde1" : "https://mosaic03.ztat.net/vgs/media/pdp-zoom/AD/12/6G/01/WJ/11/AD126G01W-J11@2.jpg",
          "bilde2" : "https://mosaic04.ztat.net/vgs/media/pdp-zoom/AD/12/6G/01/WJ/11/AD126G01W-J11@3.jpg",
          "bilde3" : "https://mosaic03.ztat.net/vgs/media/pdp-gallery/AD/12/6G/01/WJ/11/AD126G01W-J11@7.jpg",
          "bilde4" : "https://mosaic04.ztat.net/vgs/media/packshot/pdp-zoom/AD/12/6G/01/WJ/11/AD126G01W-J11@6.jpg",
          "bilde5" : "https://mosaic03.ztat.net/vgs/media/pdp-zoom/AD/12/6G/01/WJ/11/AD126G01W-J11@8.jpg",
          "farge" : "Rosa",
          "kjønn" : "Jente",
          "merke" : "Adidas",
          "navn1" : "Trefoil",
          "navn2" : "Tee",
          "plagg" : "T-skjorte",
          "pris" : 219,
          "produktinformasjon" : "Denne T-skjorten passer bra til aktive jenter. Med kul logo og farge vil barnet føle seg bra med dette plagget på. Ingen tvil om at dette er en bra t-skjorte.",
          "type" : "T-skjorte",
          "verdi" : 7
        },
        "t-skjorte7" : {
          "bilde1" : "https://mosaic03.ztat.net/vgs/media/pdp-zoom/6C/A2/6G/00/2A/11/6CA26G002-A11@7.jpg",
          "bilde2" : "https://mosaic04.ztat.net/vgs/media/pdp-zoom/6C/A2/6G/00/2A/11/6CA26G002-A11@3.jpg",
          "bilde3" : "https://mosaic03.ztat.net/vgs/media/pdp-zoom/6C/A2/6G/00/2A/11/6CA26G002-A11@4.jpg",
          "bilde4" : "https://mosaic04.ztat.net/vgs/media/packshot/pdp-zoom/6C/A2/6G/00/2A/11/6CA26G002-A11@6.jpg",
          "bilde5" : "https://mosaic03.ztat.net/vgs/media/pdp-zoom/6C/A2/6G/00/2A/11/6CA26G002-A11@8.jpg",
          "farge" : "Hvit",
          "kjønn" : "Jente",
          "merke" : "Kalvin Klein",
          "navn1" : "Regular",
          "navn2" : "Tee",
          "plagg" : "T-skjorte",
          "pris" : 299,
          "produktinformasjon" : "Denne T-skjorten passer bra til aktive jenter. Med kul logo og farge vil barnet føle seg bra med dette plagget på. Ingen tvil om at dette er en bra t-skjorte.",
          "type" : "T-skjorte",
          "verdi" : 8
        },
        "t-skjorte8" : {
          "bilde1" : "https://mosaic03.ztat.net/vgs/media/pdp-zoom/A0/F2/4G/03/GK/12/A0F24G03G-K12@5.jpg",
          "bilde2" : "https://mosaic04.ztat.net/vgs/media/pdp-zoom/A0/F2/4G/03/GK/12/A0F24G03G-K12@6.jpg",
          "bilde3" : "https://mosaic03.ztat.net/vgs/media/packshot/pdp-gallery/A0/F2/4G/03/GK/12/A0F24G03G-K12@7.jpg",
          "bilde4" : "https://mosaic04.ztat.net/vgs/media/pdp-zoom/A0/F2/4G/03/GK/12/A0F24G03G-K12@4.jpg",
          "bilde5" : "https://mosaic03.ztat.net/vgs/media/pdp-zoom/A0/F2/4G/03/GK/12/A0F24G03G-K12@5.jpg",
          "farge" : "Blå",
          "kjønn" : "Gutt",
          "merke" : "Abercrombie & Fitch",
          "navn1" : "Tech",
          "navn2" : "Moneymaker",
          "plagg" : "T-skjorte",
          "pris" : 199,
          "produktinformasjon" : "Denne T-skjorten passer bra til aktive jenter. Med kul logo og farge vil barnet føle seg bra med dette plagget på. Ingen tvil om at dette er en bra t-skjorte.",
          "type" : "T-skjorte",
          "verdi" : 9
        },
        "t-skjorte9" : {
          "bilde1" : "https://mosaic03.ztat.net/vgs/media/pdp-zoom/GA/32/4G/01/1E/11/GA324G011-E11@5.jpg",
          "bilde2" : "https://mosaic04.ztat.net/vgs/media/pdp-zoom/GA/32/4G/01/1E/11/GA324G011-E11@6.jpg",
          "bilde3" : "https://mosaic03.ztat.net/vgs/media/pdp-gallery/GA/32/4G/01/1E/11/GA324G011-E11@4.jpg",
          "bilde4" : "https://mosaic04.ztat.net/vgs/media/packshot/pdp-zoom/GA/32/4G/01/1E/11/GA324G011-E11@8.jpg",
          "bilde5" : "https://mosaic04.ztat.net/vgs/media/packshot/pdp-zoom/GA/32/4G/01/1E/11/GA324G011-E11@8.jpg",
          "farge" : "Gul",
          "kjønn" : "Gutt",
          "merke" : "Gant",
          "navn1" : "Shield",
          "navn2" : "Logo",
          "plagg" : "T-skjorte",
          "pris" : 299,
          "produktinformasjon" : "Denne T-skjorten passer bra til aktive jenter. Med kul logo og farge vil barnet føle seg bra med dette plagget på. Ingen tvil om at dette er en bra t-skjorte.",
          "type" : "T-skjorte",
          "verdi" : 10
        }
      }
    },
    "dame" : {
      "bukser" : {
        "bukse0" : {
          "bilde1" : "https://mosaic03.ztat.net/vgs/media/pdp-zoom/PO/22/1A/01/XA/13/PO221A01X-A13@4.jpg",
          "bilde2" : "https://mosaic04.ztat.net/vgs/media/pdp-zoom/PO/22/1A/01/XA/13/PO221A01X-A13@3.jpg",
          "bilde3" : "https://mosaic03.ztat.net/vgs/media/pdp-zoom/PO/22/1A/01/XA/13/PO221A01X-A13@8.jpg",
          "bilde4" : "https://mosaic04.ztat.net/vgs/media/packshot/pdp-zoom/PO/22/1A/01/XA/13/PO221A01X-A13@7.jpg",
          "bilde5" : "https://mosaic03.ztat.net/vgs/media/pdp-zoom/PO/22/1A/01/XA/13/PO221A01X-A13@6.jpg",
          "farge" : "Hvit",
          "kjønn" : "Dame",
          "merke" : "Polo Ralph Lauren",
          "navn1" : "Seasonal",
          "navn2" : "",
          "plagg" : "Bukse",
          "pris" : 1195,
          "produktinformasjon" : "Denne stilige men fortsatt deilige buksen er laget for damer og ungdom. Joggebuksen vil passe perfekt når du er hjemme og slapper av, men også ute når kleskoden ikke er for fin.",
          "type" : "Joggebukse",
          "verdi" : 1
        },
        "bukse1" : {
          "bilde1" : "https://mosaic03.ztat.net/vgs/media/pdp-zoom/LE/42/1N/04/5K/13/LE421N045-K13@11.jpg",
          "bilde2" : "https://mosaic04.ztat.net/vgs/media/pdp-zoom/LE/42/1N/04/5K/13/LE421N045-K13@3.jpg",
          "bilde3" : "https://mosaic04.ztat.net/vgs/media/pdp-zoom/LE/42/1N/04/5K/13/LE421N045-K13@10.jpg",
          "bilde4" : "https://mosaic03.ztat.net/vgs/media/pdp-zoom/LE/42/1N/04/5K/13/LE421N045-K13@12.jpg",
          "bilde5" : "https://mosaic03.ztat.net/vgs/media/pdp-zoom/LE/42/1N/04/5K/13/LE421N045-K13@8.jpg",
          "farge" : "Blå",
          "kjønn" : "Dame",
          "merke" : "Lee",
          "navn1" : "Scarlett",
          "navn2" : "",
          "plagg" : "Bukse",
          "pris" : 899,
          "produktinformasjon" : "Jeans blir mer og mer populært blant jenter, og med denne skinny modellen er dette ikke et unntak. Ved kjøp av denne buksen kan du være sikker på at du får levert kvalitet. Buksen passer til alt.",
          "type" : "Jeans",
          "verdi" : 2
        },
        "bukse2" : {
          "bilde1" : "https://mosaic03.ztat.net/vgs/media/pdp-zoom/GP/02/1A/04/KJ/12/GP021A04K-J12@7.jpg",
          "bilde2" : "https://mosaic04.ztat.net/vgs/media/pdp-zoom/GP/02/1A/04/KJ/12/GP021A04K-J12@6.jpg",
          "bilde3" : "https://mosaic03.ztat.net/vgs/media/pdp-zoom/GP/02/1A/04/KJ/12/GP021A04K-J12@5.jpg",
          "bilde4" : "https://mosaic04.ztat.net/vgs/media/packshot/pdp-zoom/GP/02/1A/04/KJ/12/GP021A04K-J12@9.jpg",
          "bilde5" : "https://mosaic03.ztat.net/vgs/media/pdp-zoom/GP/02/1A/04/KJ/12/GP021A04K-J12@8.jpg",
          "farge" : "Rosa",
          "kjønn" : "Dame",
          "merke" : "Gap",
          "navn1" : "Girlfriend",
          "navn2" : "",
          "plagg" : "Bukse",
          "pris" : 399,
          "produktinformasjon" : "Ønsker du å vise frem stilen din til dine venner, kan denne buksen hjelpe deg med nettop dette. Buksen har et høyt liv og med sin rosa farge vil den få beina dine til å virke lenger. Passer best som en pen bukse.",
          "type" : "Chinos",
          "verdi" : 3
        }
      },
      "gensere" : {
        "genser0" : {
          "bilde1" : "https://mosaic03.ztat.net/vgs/media/pdp-zoom/HO/02/1J/00/DJ/11/HO021J00D-J11@4.jpg",
          "bilde2" : "https://mosaic04.ztat.net/vgs/media/pdp-zoom/HO/02/1J/00/DJ/11/HO021J00D-J11@5.jpg",
          "bilde3" : "https://mosaic03.ztat.net/vgs/media/pdp-zoom/HO/02/1J/00/DJ/11/HO021J00D-J11@6.jpg",
          "bilde4" : "https://mosaic04.ztat.net/vgs/media/packshot/pdp-zoom/HO/02/1J/00/DJ/11/HO021J00D-J11@7.jpg",
          "bilde5" : "https://mosaic03.ztat.net/vgs/media/pdp-zoom/HO/02/1J/00/DJ/11/HO021J00D-J11@8.jpg",
          "farge" : "Rosa",
          "kjønn" : "Dame",
          "merke" : "Holzweiler",
          "navn1" : "Hang",
          "navn2" : "On",
          "plagg" : "Genser",
          "pris" : 1495,
          "produktinformasjon" : "Ønsker du en stilig og ikke minst en genser med gjennomtenkt design, passer denne genseren perfekt til deg. Genseren har en hette designet til å få plass til mye og lite hår.",
          "type" : "Hoodie",
          "verdi" : 1
        },
        "genser1" : {
          "bilde1" : "https://mosaic03.ztat.net/vgs/media/pdp-zoom/NI/12/1J/09/FC/11/NI121J09F-C11@4.jpg",
          "bilde2" : "https://mosaic04.ztat.net/vgs/media/pdp-zoom/NI/12/1J/09/FC/11/NI121J09F-C11@5.jpg",
          "bilde3" : "https://mosaic03.ztat.net/vgs/media/pdp-zoom/NI/12/1J/09/FC/11/NI121J09F-C11@7.jpg",
          "bilde4" : "https://mosaic04.ztat.net/vgs/media/packshot/pdp-zoom/NI/12/1J/09/FC/11/NI121J09F-C11@6.png",
          "bilde5" : "https://mosaic03.ztat.net/vgs/media/pdp-zoom/NI/12/1J/09/FC/11/NI121J09F-C11@8.jpg",
          "farge" : "Grå",
          "kjønn" : "Dame",
          "merke" : "Nike",
          "navn1" : "Rally",
          "navn2" : "",
          "plagg" : "Genser",
          "pris" : 679,
          "produktinformasjon" : "Denne tekniske jakken er designet som en crossover mellom treningsgenser og hoodie. Den er lett og liten noe som gjør den lett å ta med seg. Genseren passer bra til aktive damer.",
          "type" : "Genserjakke",
          "verdi" : 2
        },
        "genser2" : {
          "bilde1" : "https://mosaic03.ztat.net/vgs/media/pdp-zoom/4B/E2/1I/0D/TC/12/4BE21I0DT-C12@12.jpg",
          "bilde2" : "https://mosaic04.ztat.net/vgs/media/pdp-zoom/4B/E2/1I/0D/TC/12/4BE21I0DT-C12@10.jpg",
          "bilde3" : "https://mosaic03.ztat.net/vgs/media/pdp-zoom/4B/E2/1I/0D/TC/12/4BE21I0DT-C12@11.jpg",
          "bilde4" : "https://mosaic03.ztat.net/vgs/media/packshot/pdp-zoom/4B/E2/1I/0D/TC/12/4BE21I0DT-C12@8.png",
          "bilde5" : "https://mosaic04.ztat.net/vgs/media/pdp-zoom/4B/E2/1I/0D/TC/12/4BE21I0DT-C12@9.jpg",
          "farge" : "Grå",
          "kjønn" : "Dame",
          "merke" : "Benneton",
          "navn1" : "Turtle",
          "navn2" : "Neck",
          "plagg" : "Genser",
          "pris" : 399,
          "produktinformasjon" : "Ønsker du en genser med lang hals, vil ikke denne genseren lure deg. Genseren er laget av et strechy stoff som gjør at den vil ligge inntil uansett hva. Ser bra ut med de fleste plagg.",
          "type" : "Strikkegenser",
          "verdi" : 3
        }
      },
      "sko" : {
        "sko0" : {
          "bilde1" : "https://mosaic03.ztat.net/vgs/media/packshot/pdp-zoom/VA/21/5O/00/WQ/11/VA215O00W-Q11@12.jpg",
          "bilde2" : "https://mosaic04.ztat.net/vgs/media/pdp-zoom/VA/21/5O/00/WQ/11/VA215O00W-Q11@11.jpg",
          "bilde3" : "https://mosaic03.ztat.net/vgs/media/pdp-zoom/VA/21/5O/00/WQ/11/VA215O00W-Q11@10.jpg",
          "bilde4" : "https://mosaic04.ztat.net/vgs/media/pdp-zoom/VA/21/5O/00/WQ/11/VA215O00W-Q11@9.jpg",
          "bilde5" : "https://mosaic03.ztat.net/vgs/media/pdp-zoom/VA/21/5O/00/WQ/11/VA215O00W-Q11@8.jpg",
          "farge" : "Svart",
          "kjønn" : "Dame",
          "merke" : "Vans",
          "navn1" : "Style",
          "navn2" : "36",
          "plagg" : "Sko",
          "pris" : 779,
          "produktinformasjon" : "Disse skoene er svært funksjonelle. De ser også bra ut. Ingen ting er bedre enn disse to verdiene samlet i en sko til dame.",
          "type" : "Sneakers",
          "verdi" : 1
        },
        "sko1" : {
          "bilde1" : "https://mosaic03.ztat.net/vgs/media/packshot/pdp-zoom/N1/24/1A/0N/NG/11/N1241A0NN-G11@12.jpg",
          "bilde2" : "https://mosaic04.ztat.net/vgs/media/pdp-zoom/N1/24/1A/0N/NG/11/N1241A0NN-G11@11.jpg",
          "bilde3" : "https://mosaic03.ztat.net/vgs/media/pdp-zoom/N1/24/1A/0N/NG/11/N1241A0NN-G11@10.jpg",
          "bilde4" : "https://mosaic04.ztat.net/vgs/media/pdp-zoom/N1/24/1A/0N/NG/11/N1241A0NN-G11@9.jpg",
          "bilde5" : "https://mosaic03.ztat.net/vgs/media/pdp-zoom/N1/24/1A/0N/NG/11/N1241A0NN-G11@8.jpg",
          "farge" : "Rød",
          "kjønn" : "Dame",
          "merke" : "Nike",
          "navn1" : "Downshifter",
          "navn2" : "",
          "plagg" : "Sko",
          "pris" : 629,
          "produktinformasjon" : "Disse skoene er svært funksjonelle. De ser også bra ut. Ingen ting er bedre enn disse to verdiene samlet i en sko til dame.",
          "type" : "Joggesko",
          "verdi" : 2
        },
        "sko2" : {
          "bilde1" : "https://mosaic03.ztat.net/vgs/media/pdp-zoom/AD/11/6D/0K/GC/11/AD116D0KG-C11@10.jpg",
          "bilde2" : "https://mosaic04.ztat.net/vgs/media/packshot/pdp-zoom/AD/11/6D/0K/GC/11/AD116D0KG-C11@8.jpg",
          "bilde3" : "https://mosaic03.ztat.net/vgs/media/pdp-zoom/AD/11/6D/0K/GC/11/AD116D0KG-C11@7.jpg",
          "bilde4" : "https://mosaic04.ztat.net/vgs/media/pdp-zoom/AD/11/6D/0K/GC/11/AD116D0KG-C11@12.jpg",
          "bilde5" : "https://mosaic04.ztat.net/vgs/media/pdp-zoom/AD/11/6D/0K/GC/11/AD116D0KG-C11@11.jpg",
          "farge" : "Grå",
          "kjønn" : "Dame",
          "merke" : "Adidas",
          "navn1" : "Path",
          "navn2" : "Run",
          "plagg" : "Sko",
          "pris" : 629,
          "produktinformasjon" : "Disse skoene er svært funksjonelle. De ser også bra ut. Ingen ting er bedre enn disse to verdiene samlet i en sko til dame.",
          "type" : "Joggesko",
          "verdi" : 3
        }
      },
      "t-skjorter" : {
        "t-skjorte0" : {
          "bilde1" : "https://mosaic03.ztat.net/vgs/media/pdp-zoom/AD/12/1D/0H/VK/12/AD121D0HV-K12@10.jpg",
          "bilde2" : "https://mosaic04.ztat.net/vgs/media/pdp-zoom/AD/12/1D/0H/VK/12/AD121D0HV-K12@11.jpg",
          "bilde3" : "https://mosaic03.ztat.net/vgs/media/pdp-zoom/AD/12/1D/0H/VK/12/AD121D0HV-K12@9.jpg",
          "bilde4" : "https://mosaic04.ztat.net/vgs/media/pdp-zoom/AD/12/1D/0H/VK/12/AD121D0HV-K12@8.jpg",
          "bilde5" : "https://mosaic03.ztat.net/vgs/media/packshot/pdp-zoom/AD/12/1D/0H/VK/12/AD121D0HV-K12@2.png",
          "farge" : "Blå",
          "kjønn" : "Dame",
          "merke" : "Adidas",
          "navn1" : "Trefoil",
          "navn2" : "Tee",
          "plagg" : "T-skjorte",
          "pris" : 329,
          "produktinformasjon" : "Dette er en kul T-skjorte til dame. T-skjorten passer bra til hvite plagg grunnet hvit logo på brystet. Den blå fargen gjør at du skiller deg ut og viser deg frem.",
          "type" : "T-skjorte",
          "verdi" : 1
        },
        "t-skjorte1" : {
          "bilde1" : "https://mosaic03.ztat.net/vgs/media/pdp-zoom/TO/14/1D/00/VQ/11/TO141D00V-Q11@11.jpg",
          "bilde2" : "https://mosaic04.ztat.net/vgs/media/pdp-zoom/TO/14/1D/00/VQ/11/TO141D00V-Q11@12.jpg",
          "bilde3" : "https://mosaic03.ztat.net/vgs/media/pdp-zoom/TO/14/1D/00/VQ/11/TO141D00V-Q11@9.jpg",
          "bilde4" : "https://mosaic04.ztat.net/vgs/media/pdp-zoom/TO/14/1D/00/VQ/11/TO141D00V-Q11@10.jpg",
          "bilde5" : "https://mosaic03.ztat.net/vgs/media/packshot/pdp-zoom/TO/14/1D/00/VQ/11/TO141D00V-Q11@8.jpg",
          "farge" : "Svart",
          "kjønn" : "Dame",
          "merke" : "Tommy Hilfiger",
          "navn1" : "Tank",
          "navn2" : "Logo",
          "plagg" : "T-skjorte",
          "pris" : 449,
          "produktinformasjon" : "Dette plagget er godt egnet både til fritid og trening. Passer perfekt for aktive damer som gjerne ønsker å bruke plagget til flere ting. Den er med andre ord både stilig og funksjonell.",
          "type" : "T-skjorte",
          "verdi" : 2
        },
        "t-skjorte2" : {
          "bilde1" : "https://mosaic03.ztat.net/vgs/media/pdp-zoom/GA/32/1D/02/1G/11/GA321D021-G11@23.1.jpg",
          "bilde2" : "https://mosaic04.ztat.net/vgs/media/pdp-zoom/GA/32/1D/02/1G/11/GA321D021-G11@21.1.jpg",
          "bilde3" : "https://mosaic03.ztat.net/vgs/media/pdp-zoom/GA/32/1D/02/1G/11/GA321D021-G11@15.1.jpg",
          "bilde4" : "https://mosaic03.ztat.net/vgs/media/pdp-zoom/GA/32/1D/02/1G/11/GA321D021-G11@17.1.jpg",
          "bilde5" : "https://mosaic04.ztat.net/vgs/media/packshot/pdp-zoom/GA/32/1D/02/1G/11/GA321D021-G11@19.1.png",
          "farge" : "Rød",
          "kjønn" : "Dame",
          "merke" : "Gant",
          "navn1" : "The",
          "navn2" : "Summer",
          "plagg" : "T-skjorte",
          "pris" : 679,
          "produktinformasjon" : "Dette plagget er stilig og moderne. Den passer til de fleste anledninger, både til fint og fritid. Skjorten er designet med tennisspillere i bakhodet.",
          "type" : "Pique-skjorte",
          "verdi" : 3
        }
      }
    },
    "herre" : {
      "bukser" : {
        "bukse3" : {
          "bilde1" : "https://mosaic03.ztat.net/vgs/media/pdp-zoom/LE/22/2G/03/KK/12/LE222G03K-K12@19.jpg",
          "bilde2" : "https://mosaic03.ztat.net/vgs/media/pdp-zoom/LE/22/2G/03/KK/12/LE222G03K-K12@18.jpg",
          "bilde3" : "https://mosaic04.ztat.net/vgs/media/pdp-zoom/LE/22/2G/03/KK/12/LE222G03K-K12@17.jpg",
          "bilde4" : "https://mosaic03.ztat.net/vgs/media/packshot/pdp-zoom/LE/22/2G/03/KK/12/LE222G03K-K12@21.jpg",
          "bilde5" : "https://mosaic03.ztat.net/vgs/media/pdp-zoom/LE/22/2G/03/KK/12/LE222G03K-K12@16.jpg",
          "farge" : "Blå",
          "kjønn" : "Herre",
          "merke" : "Levi's",
          "navn1" : "511",
          "navn2" : "",
          "plagg" : "Bukse",
          "pris" : 1095,
          "produktinformasjon" : "Denne buksen passer til de fleste herrer. Lommene er festet med egne metallpunkter, noe som gjør at de ikke vil rakne hvis det blir bært tyngre ting. Passer bra til alle tider på grunn av sin stilige blå farge.",
          "type" : "Jeans",
          "verdi" : 4
        },
        "bukse4" : {
          "bilde1" : "https://mosaic03.ztat.net/vgs/media/pdp-zoom/GP/02/2E/01/3B/11/GP022E013-B11@10.jpg",
          "bilde2" : "https://mosaic03.ztat.net/vgs/media/pdp-zoom/GP/02/2E/01/3B/11/GP022E013-B11@9.jpg",
          "bilde3" : "https://mosaic04.ztat.net/vgs/media/pdp-zoom/GP/02/2E/01/3B/11/GP022E013-B11@8.jpg",
          "bilde4" : "https://mosaic03.ztat.net/vgs/media/pdp-zoom/GP/02/2E/01/3B/11/GP022E013-B11@7.jpg",
          "bilde5" : "https://mosaic04.ztat.net/vgs/media/packshot/pdp-zoom/GP/02/2E/01/3B/11/GP022E013-B11@12.jpg",
          "farge" : "Beige",
          "kjønn" : "Herre",
          "merke" : "Gap",
          "navn1" : "Galaxy",
          "navn2" : "",
          "plagg" : "Bukse",
          "pris" : 399,
          "produktinformasjon" : "Buksen er enkel og er ikke lagt så mye tid inn i. Den er funksjonell og passer til alle anledninger. Fargen vil få deg til å være den mest stilige.",
          "type" : "Chinos",
          "verdi" : 5
        },
        "bukse5" : {
          "bilde1" : "https://mosaic03.ztat.net/vgs/media/pdp-zoom/AD/12/2E/04/OQ/11/AD122E04O-Q11@10.jpg",
          "bilde2" : "https://mosaic03.ztat.net/vgs/media/pdp-zoom/AD/12/2E/04/OQ/11/AD122E04O-Q11@9.jpg",
          "bilde3" : "https://mosaic04.ztat.net/vgs/media/pdp-zoom/AD/12/2E/04/OQ/11/AD122E04O-Q11@6.jpg",
          "bilde4" : "https://mosaic03.ztat.net/vgs/media/pdp-zoom/AD/12/2E/04/OQ/11/AD122E04O-Q11@8.jpg",
          "bilde5" : "https://mosaic04.ztat.net/vgs/media/packshot/pdp-zoom/AD/12/2E/04/OQ/11/AD122E04O-Q11@11.jpg",
          "farge" : "Svart",
          "kjønn" : "Herre",
          "merke" : "Adidas",
          "navn1" : "3-Stripes",
          "navn2" : "",
          "plagg" : "Bukse",
          "pris" : 699,
          "produktinformasjon" : "Denne joggebuksen kan brukes over alt og til alle sider siden den er både stilig, klassisk og funksjonell. Som herre kan du ikke ta feil med denne.",
          "type" : "Joggebukse",
          "verdi" : 6
        }
      },
      "gensere" : {
        "genser3" : {
          "bilde1" : "https://mosaic03.ztat.net/vgs/media/pdp-zoom/TO/12/2S/04/AM/12/TO122S04A-M12@8.jpg",
          "bilde2" : "https://mosaic04.ztat.net/vgs/media/pdp-zoom/TO/12/2S/04/AM/12/TO122S04A-M12@12.jpg",
          "bilde3" : "https://mosaic03.ztat.net/vgs/media/pdp-zoom/TO/12/2S/04/AM/12/TO122S04A-M12@10.jpg",
          "bilde4" : "https://mosaic04.ztat.net/vgs/media/pdp-zoom/TO/12/2S/04/AM/12/TO122S04A-M12@9.jpg",
          "bilde5" : "https://mosaic03.ztat.net/vgs/media/packshot/pdp-zoom/TO/12/2S/04/AM/12/TO122S04A-M12@11.jpg",
          "farge" : "Grå",
          "kjønn" : "Herre",
          "merke" : "Tommy Hilfiger",
          "navn1" : "Logo",
          "navn2" : "",
          "plagg" : "Genser",
          "pris" : 979,
          "produktinformasjon" : "Denne genseren er kul, men også enkel å chille med. Merket gjør heller ikke at den er mindre respektert av menn i riktig aldersgruppe. ",
          "type" : "Hoodie",
          "verdi" : 4
        },
        "genser4" : {
          "bilde1" : "https://mosaic03.ztat.net/vgs/media/pdp-zoom/4B/E2/2Q/03/NO/11/4BE22Q03N-O11@16.1.jpg",
          "bilde2" : "https://mosaic04.ztat.net/vgs/media/pdp-zoom/4B/E2/2Q/03/NO/11/4BE22Q03N-O11@18.1.jpg",
          "bilde3" : "https://mosaic03.ztat.net/vgs/media/pdp-zoom/4B/E2/2Q/03/NO/11/4BE22Q03N-O11@17.1.jpg",
          "bilde4" : "https://mosaic03.ztat.net/vgs/media/packshot/pdp-zoom/4B/E2/2Q/03/NO/11/4BE22Q03N-O11@15.1.jpg",
          "bilde5" : "https://mosaic04.ztat.net/vgs/media/pdp-zoom/4B/E2/2Q/03/NO/11/4BE22Q03N-O11@13.1.jpg",
          "farge" : "Brun",
          "kjønn" : "Herre",
          "merke" : "Benneton",
          "navn1" : "Strikkegenser",
          "navn2" : "",
          "plagg" : "Genser",
          "pris" : 449,
          "produktinformasjon" : "En klassisk genser til herre kan aldri slå feil. Denne genseren passer til alle menn og er et prakteksempel på hvordan klassiske gensere fortsatt brukes av flere personer.",
          "type" : "Genser",
          "verdi" : 5
        },
        "genser5" : {
          "bilde1" : "https://mosaic03.ztat.net/vgs/media/pdp-zoom/NI/12/2S/08/BQ/11/NI122S08B-Q11@10.jpg",
          "bilde2" : "https://mosaic04.ztat.net/vgs/media/pdp-zoom/NI/12/2S/08/BQ/11/NI122S08B-Q11@11.jpg",
          "bilde3" : "https://mosaic03.ztat.net/vgs/media/pdp-zoom/NI/12/2S/08/BQ/11/NI122S08B-Q11@9.jpg",
          "bilde4" : "https://mosaic03.ztat.net/vgs/media/packshot/pdp-zoom/NI/12/2S/08/BQ/11/NI122S08B-Q11@12.jpg",
          "bilde5" : "https://mosaic04.ztat.net/vgs/media/pdp-zoom/NI/12/2S/08/BQ/11/NI122S08B-Q11@7.jpg",
          "farge" : "Svart",
          "kjønn" : "Herre",
          "merke" : "Nike",
          "navn1" : "Tech",
          "navn2" : "Fullzip",
          "plagg" : "Genser",
          "pris" : 949,
          "produktinformasjon" : "Denne hightech-genseren er designet slik at den passer til alle forhold. Men en høyere hals, glidelås både oppe og nede, og ikke minst strechy stoff, gjør denne genseren til en bestselger hos Adidas. ",
          "type" : "Hettejakke",
          "verdi" : 6
        }
      },
      "sko" : {
        "sko3" : {
          "bilde1" : "https://mosaic03.ztat.net/vgs/media/packshot/pdp-zoom/AD/54/2A/2N/UQ/11/AD542A2NU-Q11@9.jpg",
          "bilde2" : "https://mosaic04.ztat.net/vgs/media/pdp-zoom/AD/54/2A/2N/UQ/11/AD542A2NU-Q11@11.jpg",
          "bilde3" : "https://mosaic03.ztat.net/vgs/media/pdp-zoom/AD/54/2A/2N/UQ/11/AD542A2NU-Q11@10.jpg",
          "bilde4" : "https://mosaic04.ztat.net/vgs/media/pdp-zoom/AD/54/2A/2N/UQ/11/AD542A2NU-Q11@12.jpg",
          "bilde5" : "https://mosaic03.ztat.net/vgs/media/pdp-zoom/AD/54/2A/2N/UQ/11/AD542A2NU-Q11@8.jpg",
          "farge" : "Svart",
          "kjønn" : "Herre",
          "merke" : "Adidas",
          "navn1" : "Ultraboost",
          "navn2" : "",
          "plagg" : "Sko",
          "pris" : 1445,
          "produktinformasjon" : "Disse skoene er svært funksjonelle. De ser også bra ut. Ingen ting er bedre en disse to verdiene samlet i en sko til herre.",
          "type" : "Joggesko",
          "verdi" : 4
        },
        "sko4" : {
          "bilde1" : "https://mosaic03.ztat.net/vgs/media/packshot/pdp-zoom/C1/81/2B/01/FA/11/C1812B01F-A11@12.jpg",
          "bilde2" : "https://mosaic04.ztat.net/vgs/media/pdp-zoom/C1/81/2B/01/FA/11/C1812B01F-A11@11.jpg",
          "bilde3" : "https://mosaic03.ztat.net/vgs/media/pdp-zoom/C1/81/2B/01/FA/11/C1812B01F-A11@10.jpg",
          "bilde4" : "https://mosaic04.ztat.net/vgs/media/pdp-zoom/C1/81/2B/01/FA/11/C1812B01F-A11@9.jpg",
          "bilde5" : "https://mosaic03.ztat.net/vgs/media/pdp-zoom/C1/81/2B/01/FA/11/C1812B01F-A11@8.jpg",
          "farge" : "Hvit",
          "kjønn" : "Herre",
          "merke" : "Calvin Klein",
          "navn1" : "Arnold",
          "navn2" : "",
          "plagg" : "Sko",
          "pris" : 799,
          "produktinformasjon" : "Disse skoene er svært funksjonelle. De ser også bra ut. Ingen ting er bedre en disse to verdiene samlet i en sko til herre.",
          "type" : "Sneakers",
          "verdi" : 5
        },
        "sko5" : {
          "bilde1" : "https://mosaic03.ztat.net/vgs/media/packshot/pdp-zoom/GA/31/2O/00/RK/11/GA312O00R-K11@11.jpg",
          "bilde2" : "https://mosaic04.ztat.net/vgs/media/pdp-zoom/GA/31/2O/00/RK/11/GA312O00R-K11@9.jpg",
          "bilde3" : "https://mosaic03.ztat.net/vgs/media/pdp-zoom/GA/31/2O/00/RK/11/GA312O00R-K11@8.jpg",
          "bilde4" : "https://mosaic04.ztat.net/vgs/media/pdp-zoom/GA/31/2O/00/RK/11/GA312O00R-K11@10.jpg",
          "bilde5" : "https://mosaic03.ztat.net/vgs/media/pdp-zoom/GA/31/2O/00/RK/11/GA312O00R-K11@12.jpg",
          "farge" : "Blå",
          "kjønn" : "Herre",
          "merke" : "Gant",
          "navn1" : "Hero",
          "navn2" : "",
          "plagg" : "Sko",
          "pris" : 999,
          "produktinformasjon" : "Disse skoene er svært funksjonelle. De ser også bra ut. Ingen ting er bedre en disse to verdiene samlet i en sko til herre.",
          "type" : "Slippers",
          "verdi" : 6
        }
      },
      "t-skjorter" : {
        "t-skjorte3" : {
          "bilde1" : "https://mosaic03.ztat.net/vgs/media/pdp-zoom/TO/12/2O/02/WK/11/TO122O02W-K11@10.jpg",
          "bilde2" : "https://mosaic04.ztat.net/vgs/media/pdp-zoom/TO/12/2O/02/WK/11/TO122O02W-K11@11.jpg",
          "bilde3" : "https://mosaic03.ztat.net/vgs/media/pdp-zoom/TO/12/2O/02/WK/11/TO122O02W-K11@9.jpg",
          "bilde4" : "https://mosaic04.ztat.net/vgs/media/pdp-zoom/TO/12/2O/02/WK/11/TO122O02W-K11@8.jpg",
          "bilde5" : "https://mosaic04.ztat.net/vgs/media/packshot/pdp-zoom/TO/12/2O/02/WK/11/TO122O02W-K11@12.jpg",
          "farge" : "Blå",
          "kjønn" : "Herre",
          "merke" : "Tommy Hilfiger",
          "navn1" : "Stretch",
          "navn2" : "Tee",
          "plagg" : "T-skjorte",
          "pris" : 299,
          "produktinformasjon" : "Denne klassiske T-skjorten passer uansett hva. Den passer bra under gensere, under jakker og bare alene. Den er tidløs, noe som gjør at den alltid er moderne.",
          "type" : "T-skjorte",
          "verdi" : 4
        },
        "t-skjorte4" : {
          "bilde1" : "https://mosaic03.ztat.net/vgs/media/pdp-zoom/LE/22/2O/00/RQ/11/LE222O00R-Q11@20.jpg",
          "bilde2" : "https://mosaic04.ztat.net/vgs/media/pdp-zoom/LE/22/2O/00/RQ/11/LE222O00R-Q11@21.jpg",
          "bilde3" : "https://mosaic03.ztat.net/vgs/media/pdp-zoom/LE/22/2O/00/RQ/11/LE222O00R-Q11@19.jpg",
          "bilde4" : "https://mosaic04.ztat.net/vgs/media/pdp-zoom/LE/22/2O/00/RQ/11/LE222O00R-Q11@18.jpg",
          "bilde5" : "https://mosaic03.ztat.net/vgs/media/packshot/pdp-zoom/LE/22/2O/00/RQ/11/LE222O00R-Q11@17.jpg",
          "farge" : "Svart",
          "kjønn" : "Herre",
          "merke" : "Levi's",
          "navn1" : "T-shirt",
          "navn2" : "Classic",
          "plagg" : "T-skjorte",
          "pris" : 249,
          "produktinformasjon" : "Denne klassiske T-skjorten passer uansett hva. Den passer bra under gensere, under jakker og bare alene. Den er tidløs, noe som gjør at den alltid er moderne.",
          "type" : "T-skjorte",
          "verdi" : 5
        },
        "t-skjorte5" : {
          "bilde1" : "https://mosaic03.ztat.net/vgs/media/pdp-zoom/PO/22/2P/00/XG/22/PO222P00X-G22@8.1.jpg",
          "bilde2" : "https://mosaic04.ztat.net/vgs/media/pdp-zoom/PO/22/2P/00/XG/22/PO222P00X-G22@9.1.jpg",
          "bilde3" : "https://mosaic03.ztat.net/vgs/media/pdp-zoom/PO/22/2P/00/XG/22/PO222P00X-G22@7.1.jpg",
          "bilde4" : "https://mosaic04.ztat.net/vgs/media/packshot/pdp-zoom/PO/22/2P/00/XG/22/PO222P00X-G22@10.1.jpg",
          "bilde5" : "https://mosaic03.ztat.net/vgs/media/pdp-zoom/PO/22/2P/00/XG/22/PO222P00X-G22@6.1.jpg",
          "farge" : "Rød",
          "kjønn" : "Herre",
          "merke" : "Polo Ralph Lauren",
          "navn1" : "Poloskjorte",
          "navn2" : "",
          "plagg" : "T-skjorte",
          "pris" : 999,
          "produktinformasjon" : "Denne klassiske T-skjorten passer uansett hva. Den passer bra under gensere, under jakker og bare alene. Den er tidløs, noe som gjør at den alltid er moderne.",
          "type" : "Pique-skjorte",
          "verdi" : 6
        }
      }
    }
  }
}
